{
  "project_info": {
    "project_number": "1019831560928",
    "project_id": "practical-ecaa3",
    "storage_bucket": "practical-ecaa3.appspot.com"
  },
  "client": [
    {
      "client_info": {
        "mobilesdk_app_id": "1:1019831560928:android:96df134d3ef5508ef37e85",
        "android_client_info": {
          "package_name": "com.example.practical_task"
        }
      },
      "oauth_client": [
        {
          "client_id": "1019831560928-7qghtap0mabu40q4g9loi7jbfu1ve0ao.apps.googleusercontent.com",
          "client_type": 3
        }
      ],
      "api_key": [
        {
          "current_key": "AIzaSyBITrpT_l9offhzeHBcBKJTYE7izA6Z2J0"
        }
      ],
      "services": {
        "appinvite_service": {
          "other_platform_oauth_client": [
            {
              "client_id": "1019831560928-7qghtap0mabu40q4g9loi7jbfu1ve0ao.apps.googleusercontent.com",
              "client_type": 3
            }
          ]
        }
      }
    }
  ],
  "configuration_version": "1"
}