{
  "project_info": {
    "project_number": "1056600315856",
    "project_id": "my-application-6ad1e",
    "storage_bucket": "my-application-6ad1e.appspot.com"
  },
  "client": [
    {
      "client_info": {
        "mobilesdk_app_id": "1:1056600315856:android:b0ce4d11e8219b96684bd5",
        "android_client_info": {
          "package_name": "com.example.myapplication"
        }
      },
      "oauth_client": [
        {
          "client_id": "1056600315856-7ahikbk3cct7tjdh6ht4554qdq69eq1j.apps.googleusercontent.com",
          "client_type": 1,
          "android_info": {
            "package_name": "com.example.myapplication",
            "certificate_hash": "c57bd200a4bf4893ba145c0b74c1383a761fa9d5"
          }
        },
        {
          "client_id": "1056600315856-8lq8niqtpe7kph47cr1qg6fg5rb5hut7.apps.googleusercontent.com",
          "client_type": 3
        }
      ],
      "api_key": [
        {
          "current_key": "AIzaSyA0fsx6I8hTrYhV4NjufXjD4GfMLdhN4dg"
        }
      ],
      "services": {
        "appinvite_service": {
          "other_platform_oauth_client": [
            {
              "client_id": "1056600315856-8lq8niqtpe7kph47cr1qg6fg5rb5hut7.apps.googleusercontent.com",
              "client_type": 3
            }
          ]
        }
      }
    }
  ],
  "configuration_version": "1"
}