{
  "project_info": {
    "project_number": "75755469485",
    "project_id": "nextry-app",
    "storage_bucket": "nextry-app.appspot.com"
  },
  "client": [
    {
      "client_info": {
        "mobilesdk_app_id": "1:75755469485:android:21fae37eedee4c36c9e424",
        "android_client_info": {
          "package_name": "com.nextry.nextry"
        }
      },
      "oauth_client": [
        {
          "client_id": "75755469485-01le3fo7hq0jlcl468k357g44lb6e77m.apps.googleusercontent.com",
          "client_type": 1,
          "android_info": {
            "package_name": "com.nextry.nextry",
            "certificate_hash": "eb97d94ee27880f1fbaae5d1ca79007414469292"
          }
        },
        {
          "client_id": "75755469485-3bea897lo50qnkg7nn79im34jpg7804f.apps.googleusercontent.com",
          "client_type": 1,
          "android_info": {
            "package_name": "com.nextry.nextry",
            "certificate_hash": "798901a03caf10e48d90280e1d96fc1bcd50214f"
          }
        },
        {
          "client_id": "75755469485-hotsunbrspdd0qmovmb6f8e4f35undta.apps.googleusercontent.com",
          "client_type": 1,
          "android_info": {
            "package_name": "com.nextry.nextry",
            "certificate_hash": "0c3b15e9150a744ea3817234a540e2ca0b724d13"
          }
        },
        {
          "client_id": "75755469485-a75pa3gtlsfa5f3qio3mg4qn1ii0fi42.apps.googleusercontent.com",
          "client_type": 3
        }
      ],
      "api_key": [
        {
          "current_key": "AIzaSyDE8pjxe5ljQ849YykPdPWWNNsduJeMMZU"
        }
      ],
      "services": {
        "appinvite_service": {
          "other_platform_oauth_client": [
            {
              "client_id": "75755469485-508hbp8kt0efnt20ho63gsjhlehqqllp.apps.googleusercontent.com",
              "client_type": 3
            },
            {
              "client_id": "75755469485-6lucaenqblsg54d5ucve8pql21lejptv.apps.googleusercontent.com",
              "client_type": 2,
              "ios_info": {
                "bundle_id": "com.nextry.nextry",
                "app_store_id": "6449076854"
              }
            }
          ]
        }
      }
    }
  ],
  "configuration_version": "1"
}
