{
  "project_info": {
    "project_number": "446961510537",
    "project_id": "demoapp-a6ad9",
    "storage_bucket": "demoapp-a6ad9.appspot.com"
  },
  "client": [
    {
      "client_info": {
        "mobilesdk_app_id": "1:446961510537:android:95df0b9b759f26d414be58",
        "android_client_info": {
          "package_name": "com.example.demoapp"
        }
      },
      "oauth_client": [
        {
          "client_id": "446961510537-8tfietjd11oc85qcov7dk1l9harbi8o0.apps.googleusercontent.com",
          "client_type": 3
        }
      ],
      "api_key": [
        {
          "current_key": "AIzaSyAyEHty2gVOzbYacxgRA57LyOfCzhZaI18"
        }
      ],
      "services": {
        "appinvite_service": {
          "other_platform_oauth_client": [
            {
              "client_id": "446961510537-8tfietjd11oc85qcov7dk1l9harbi8o0.apps.googleusercontent.com",
              "client_type": 3
            }
          ]
        }
      }
    }
  ],
  "configuration_version": "1"
}